c_gender,n,mu_eff,mu_sd,var_pre_eff,var_pre_sd,var_post_delta,var_post_sd,mu_eff_centered,mu_eff_ratio_p90
1,467,-3.8185382,0.45578846,5.234733,0.44454366,5.234732977072738,0.44454366678228374,0.034219027,0.037472844
0,533,-3.8827398,0.45602685,5.2973504,0.44477618,5.297350523843103,0.44477617191116225,-0.029982567,-0.032833546
