m_work,n,mu_eff,mu_sd,var_pre_eff,var_pre_sd,var_post_delta,var_post_sd,mu_eff_centered,mu_eff_ratio_p90
0,466,-4.7637973,1.0681515,5.592283,1.2661563,5.592282305459608,1.2661563349289924,0.045837402,0.021459682
1,534,-4.849633,1.0682403,5.6940303,1.2662616,5.694029870551177,1.2662615270521573,-0.03999853,-0.0187261
