region,n,mu_eff,mu_sd,var_pre_eff,var_pre_sd,var_post_delta,var_post_sd,mu_eff_centered,mu_eff_ratio_p90
1,123,-0.75553,0.022607598,1.2296388,0.0030318631,1.2296387800356237,0.003031863088661827,0.17542422,0.49414757
2,877,-0.9555576,0.12255594,1.537751,0.15165468,1.5377508847716188,0.15165468015262598,-0.024603367,-0.06930453
