m_education,n,mu_eff,mu_sd,var_pre_eff,var_pre_sd,var_post_delta,var_post_sd,mu_eff_centered,mu_eff_ratio_p90
2,605,-11.72866,0.7959463,8.28074,0.53939545,8.280739826801394,0.5393954585881758,0.06410599,0.03312327
1,50,-11.774487,0.82974976,8.298923,0.5630883,8.298922882080078,0.5630882856737393,0.018279076,0.0094447145
3,324,-11.893517,0.7977014,8.405151,0.52965957,8.40515109050421,0.5296595413440389,-0.10075092,-0.052057542
4,21,-12.1287365,0.84241813,8.545604,0.5247394,8.545603706723167,0.5247393610048688,-0.33597088,-0.17359461
